project,run_id,case,function_name,target_name,branch_line_number,blocked_side_line_number,project_branch_hit_count,project_blocked_hit_count,pipeline_success,pipeline_failure_stage,pipeline_methods,manual_validation_result,original_dependency_label,refined_triage_label,evidence_strength,include_in_solver_evaluation,blocked_predicate,required_blocked_condition,producer_kind,feasibility_blocker,classifier_issue,core_evidence,main_risk_or_note,evidence_ref,pipeline_summary_path
libpcap,20260612_020723,pcap_parse_2056,pcap_parse,llm_fuzzgen0625183237,2056,2057,6560000,0,false,dedicated_generation,reference_guided_generation;dedicated_generation,none,Input Independent,Crash-Revealing Path,B,no,"if (yyerrstatus)","yyerrstatus must be non-zero and survive into the parser shift loop","Bison parser error-recovery counter","requires successful parser error recovery; existing notes indicate related coverage replay can SIGABRT/double-free","mostly correct dependency label, but misses crash-revealing coverage outcome","yyerrstatus-- requires Bison error recovery to survive and shift tokens; existing notes show related path can crash with double free.","Discuss separately as crash-revealing/parser recovery, not as normal solver failure.","TODO_MD/blocker_cases_20260612_analysis.md#pcap_parse_2056; experiments/20260612_020723_run_all_fuzzer/events.jsonl:13-14","experiments/20260612_020723_run_all_fuzzer/blockers/pcap_parse_2056/independent_target/libpcap_pcap_parse_20260612_080658/summary.json"
libpcap,20260612_020723,yy_get_next_buffer_4629,yy_get_next_buffer,llm_fuzzgen0625183237,4629,4651,40900,0,false,symcc_generated_harness,llm_seed_generator;symcc_probe_original_target;libfuzzer_focused_pass;symcc_generated_harness,none,Input Dependent,Structurally Unreachable API Path,A,no,"if (YY_CURRENT_BUFFER_LVALUE->yy_fill_buffer == 0)","blocked side requires yy_fill_buffer != 0","Flex scanner buffer state created by pcap__scan_string/yy_scan_bytes/yy_scan_buffer","current pcap_compile scan-string API path fixes yy_fill_buffer=0","missed API-path constraint; inferred non-empty filter string could make yy_fill_buffer non-zero","pcap_compile uses pcap__scan_string -> yy_scan_bytes -> yy_scan_buffer, and yy_scan_buffer sets yy_fill_buffer=0 unconditionally.","Not a seed problem under the current API path; would require a different scanner input path.","TODO_MD/blocker_cases_20260612_analysis.md#yy_get_next_buffer_4629; experiments/20260612_020723_run_all_fuzzer/events.jsonl:19-20","experiments/20260612_020723_run_all_fuzzer/blockers/yy_get_next_buffer_4629/symbolic_run/libpcap_yy_get_next_buffer_20260612_082141/summary.json"
libpcap,20260612_020723,pcap_compile_788,pcap_compile,llm_fuzzgen0625183237,788,789,27500,0,false,dedicated_generation,reference_guided_generation;dedicated_generation,none,Input Independent,Environmental Failure,A,no,"if (pcap_lex_init(&scanner) != 0)","pcap_lex_init/yylex_init must return non-zero","scanner initialization and fixed-size yyalloc return value","requires NULL scanner pointer or fixed-size yyalloc failure before input is consumed","classifier label is correct; should be excluded before solver","pcap_lex_init(&scanner) runs before pcap__scan_string; non-zero return needs NULL scanner pointer or fixed-size yyalloc failure.","Clean input-independent environmental case; not input-generation actionable.","TODO_MD/blocker_cases_20260612_analysis.md#pcap_compile_788; experiments/20260612_020723_run_all_fuzzer/events.jsonl:25-26","experiments/20260612_020723_run_all_fuzzer/blockers/pcap_compile_788/independent_target/libpcap_pcap_compile_20260612_084438/summary.json"
libpcap,20260612_020723,newchunk_642,newchunk,llm_fuzzgen0625183237,642,643,19200000,0,false,symcc_generated_harness,llm_seed_generator;symcc_probe_original_target;libfuzzer_focused_pass;symcc_generated_harness,none,Input Dependent,Resource-Exhaustion Guard,B,no,"if (p == NULL)","newchunk_nolongjmp must return NULL","libpcap chunk allocator state affected by compiled filter complexity","requires chunk-pool exhaustion, malloc failure, or oversized allocation request","overestimated input-dependent feasibility; resource failure not separated from semantic input predicate","newchunk_nolongjmp returns NULL only on chunk pool exhaustion, malloc failure, or request larger than chunk size.","Input can increase allocation pressure, but solver success would require resource exhaustion.","TODO_MD/blocker_cases_20260612_analysis.md#newchunk_642; experiments/20260612_020723_run_all_fuzzer/events.jsonl:31-32","experiments/20260612_020723_run_all_fuzzer/blockers/newchunk_642/symbolic_run/libpcap_newchunk_20260612_090911/summary.json"
libpcap,20260612_020723,convert_code_r_2715,convert_code_r,llm_fuzzgen0625164049,2715,2716,47500000,0,false,symcc_generated_harness,llm_seed_generator;symcc_probe_original_target;libfuzzer_focused_pass;symcc_generated_harness,none,Input Dependent,Resource-Exhaustion Guard,A,no,"if (!offset)","calloc(slen, sizeof(struct slist *)) must return NULL while slen > 0","allocator return value; slen comes from compiled statement-list length","requires allocation failure, not a normal semantic predicate","wrong reason; slen==0 cannot reach if (!offset) because it is inside if (slen)","blocked side is calloc(slen, sizeof(...)) failure inside if (slen); slen==0 cannot reach if (!offset).","Do not count as seed-generation failure; use allocator fault injection or resource-limit experiment if needed.","TODO_MD/blocker_cases_20260612_analysis.md#convert_code_r_2715; experiments/20260612_020723_run_all_fuzzer/events.jsonl:37-38","experiments/20260612_020723_run_all_fuzzer/blockers/convert_code_r_2715/symbolic_run/libpcap_convert_code_r_20260612_095341/summary.json"
libpcap,20260612_020723,pcap_parse_3594,pcap_parse,llm_fuzzgen1028164005,3594,3599,8720,0,false,symcc_generated_harness,llm_seed_generator;symcc_probe_original_target;libfuzzer_focused_pass;symcc_generated_harness,none,Input Dependent,Generated Parser State,B,no,"if (yyerrstatus == 3) { if (yychar <= YYEOF) ... }","parser must already be in error recovery state and then hit EOF/lookahead condition","Bison generated parser recovery state plus lexer lookahead","requires a specific second error/recovery phase, not just malformed input","overestimated feasibility; missed yyerrstatus==3 recovery-state proof requirement","line 3599 requires yyerrstatus==3 inside Bison error handling, meaning parser must already be in recovery state.","Malformed input alone is insufficient; needs parser recovery-state proof.","TODO_MD/blocker_cases_20260612_analysis.md#pcap_parse_3594; experiments/20260612_020723_run_all_fuzzer/events.jsonl:43-44","experiments/20260612_020723_run_all_fuzzer/blockers/pcap_parse_3594/symbolic_run/libpcap_pcap_parse_20260612_104751/summary.json"
libpcap,20260612_020723,gen_prevlinkhdr_check_3149,gen_prevlinkhdr_check,llm_fuzzgen0626013047,3149,3150,163000,0,false,symcc_generated_harness,llm_seed_generator;symcc_probe_original_target;libfuzzer_focused_pass;symcc_generated_harness,manual_seed_reached_blocked_side,Input Dependent,Actionable Target Gap,A,yes,"if (cstate->is_geneve)","cstate->is_geneve must be set before a later inner Ethernet/link-layer predicate calls gen_prevlinkhdr_check","parser/compiler semantic state set by gen_geneve and reused by later link-layer generation","requires target/seed sequencing: geneve followed by inner link-layer predicate","correct dependency direction but missing caller-path sequencing and post-geneve predicate requirement","manual seed 'geneve and ether host 00:11:22:33:44:55' hit the is_geneve branch; bare geneve-style hints were insufficient.","Best normal target/seed gap in this set; generator should emit geneve followed by inner Ethernet/link-layer predicates.","TODO_MD/blocker_cases_20260612_analysis.md#gen_prevlinkhdr_check_3149; experiments/20260612_020723_run_all_fuzzer/blockers/gen_prevlinkhdr_check_3149/manual_validation/validation_note.txt; experiments/20260612_020723_run_all_fuzzer/events.jsonl:49-50","experiments/20260612_020723_run_all_fuzzer/blockers/gen_prevlinkhdr_check_3149/symbolic_run/libpcap_gen_prevlinkhdr_check_20260612_111743/summary.json"
libpcap,20260612_020723,compute_local_ud_641,compute_local_ud,llm_fuzzgen0626015405,641,646,32700000,0,false,symcc_generated_harness,llm_seed_generator;symcc_probe_original_target;libfuzzer_focused_pass;symcc_generated_harness,none,Input Dependent,Internal Invariant Guard,A,no,"else if (atom < N_ATOMS) ... else abort()","abort side requires atom >= N_ATOMS outside legal optimizer atom domain","BPF optimizer scratch-memory/register atom from atomuse/atomdef","legal producers are bounded by alloc_reg and A/X/AX atom handling; blocked side is internal invariant failure","confused packet offsets with BPF scratch-memory atom index","atom is BPF scratch-memory/register domain; alloc_reg only returns 0..15 while N_ATOMS is 18.","Abort guard should be excluded from target/seed solver evaluation.","TODO_MD/blocker_cases_20260612_analysis.md#compute_local_ud_641; experiments/20260612_020723_run_all_fuzzer/events.jsonl:55-56","experiments/20260612_020723_run_all_fuzzer/blockers/compute_local_ud_641/symbolic_run/libpcap_compute_local_ud_20260612_114305/summary.json"
libpcap,20260612_020723,number_blks_r_2471,number_blks_r,llm_fuzzgen0626013047,2471,2475,665000,0,false,symcc_generated_harness,llm_seed_generator;symcc_probe_original_target;libfuzzer_focused_pass;symcc_generated_harness,none,Input Dependent,Infeasible Counter Overflow,A,no,"if (opt_state->n_blocks == 0)","opt_state->n_blocks must wrap from UINT_MAX to 0 after post-increment","internal CFG block counter derived from compiled filter graph size","requires impractical block count and successful pre-allocation of huge block table","overestimated theoretical input dependence; missed overflow and allocation feasibility","blocked side requires opt_state->n_blocks wrapping from UINT_MAX to 0 after count_blocks/calloc setup.","Input affects CFG block count, but feasible trigger would require impractical block count and allocation.","TODO_MD/blocker_cases_20260612_analysis.md#number_blks_r_2471; experiments/20260612_020723_run_all_fuzzer/events.jsonl:61-62","experiments/20260612_020723_run_all_fuzzer/blockers/number_blks_r_2471/symbolic_run/libpcap_number_blks_r_20260612_120916/summary.json"
